[
    {
        "message":"Curabitur neque turpis, pellentesque vel semper ut, tempor vel arcu. Nulla facilisi. Phasellus feugiat nunc eget eros varius, et mollis magna elementum.",
        "name":"Jason Hook",
        "title":"CEO, Techpro."
    },
    {
        "message":"Integer aliquam velit ut nibh mattis, et suscipit erat ultrices. Cras aliquam ante vel arcu suscipit, sit amet lobortis elit dignissim tempor vel.",
        "name":"Catherina Cool",
        "title":"CEO, Techpro."
    },
    {
        "message":"Suspendisse semper urna nec massa imperdiet consequat. Phasellus a hendrerit elit, vel maximus lacus. Sed eu quam laoreet, faucibus lorem non, aliquet diam.",
        "name":"Robert Weels",
        "title":"CEO, Techpro."
    }
]