[
    {
        "title":"Best Price Guarantee",
        "desc":"Duis placerat tempus odio vel pretium. Vestibulum mattis viverra justo vel consequat."
    },
    {
        "title":"No Cancellation Fees",
        "desc":"Duis placerat tempus odio vel pretium. Vestibulum mattis viverra justo vel consequat."
    },
    {
        "title":"Best Quality Cars",
        "desc":"Duis placerat tempus odio vel pretium. Vestibulum mattis viverra justo vel consequat."
    },
    {
        "title":"Reservation Anytime",
        "desc":"Duis placerat tempus odio vel pretium. Vestibulum mattis viverra justo vel consequat."
    },
    {
        "title":"Personal Driver",
        "desc":"Duis placerat tempus odio vel pretium. Vestibulum mattis viverra justo vel consequat."
    },
    {
        "title":"Unlimited Miles",
        "desc":"Duis placerat tempus odio vel pretium. Vestibulum mattis viverra justo vel consequat."
    },
    {
        "title":"City to City",
        "desc":"Duis placerat tempus odio vel pretium. Vestibulum mattis viverra justo vel consequat."
    },
    {
        "title":"24/7 Customer Support",
        "desc":"Duis placerat tempus odio vel pretium. Vestibulum mattis viverra justo vel consequat."
    }
]